"# Robo-Greeno Data A -> Embedded: front_left leg joint angles, wave/tripod walk"
"# source: ShiriStern/wave-walk (config.py + hexapod_ik.py + demo_wave_walk.py), 50 Hz, one full GAIT_PERIOD=1.4s"
"# leg=front_left mount=+45deg | links coxa/femur/tibia = 0.04/0.08/0.13 m | sign: coxa+ ->+Y, femur+ ->up, tibia 0=straight"
"# limits deg: coxa[-50,50] femur[-90,120] tibia[-170,20]"
step,t_s,phase,coxa_rad,femur_rad,tibia_rad,coxa_deg,femur_deg,tibia_deg,fk_err_m
0,0.0,swing,0.263011,0.999341,-2.583029,15.069,57.258,-147.997,4.29e-17
1,0.02,swing,0.210101,0.999499,-2.562459,12.038,57.267,-146.818,5.11e-17
2,0.04,swing,0.160587,0.99828,-2.53952,9.201,57.197,-145.504,1.97e-17
3,0.06,swing,0.11437,0.995535,-2.514293,6.553,57.04,-144.058,1.43e-17
4,0.08,swing,0.071311,0.991174,-2.486867,4.086,56.79,-142.487,3.10e-17
5,0.1,swing,0.031241,0.985152,-2.457343,1.79,56.445,-140.795,4.17e-17
6,0.12,swing,-0.006024,0.977467,-2.425819,-0.345,56.005,-138.989,8.44e-17
7,0.14,swing,-0.040677,0.968141,-2.392395,-2.331,55.47,-137.074,3.93e-17
8,0.16,swing,-0.072908,0.957215,-2.357161,-4.177,54.844,-135.055,0.00e+00
9,0.18,swing,-0.102901,0.944743,-2.320202,-5.896,54.13,-132.938,5.58e-17
10,0.2,swing,-0.130833,0.930782,-2.28159,-7.496,53.33,-130.725,3.11e-17
11,0.22,swing,-0.15687,0.915392,-2.241388,-8.988,52.448,-128.422,1.39e-17
12,0.24,stance,-0.171648,0.90096,-2.214255,-9.835,51.621,-126.867,1.43e-17
13,0.26,stance,-0.16679,0.904278,-2.22259,-9.556,51.811,-127.345,1.43e-17
14,0.28,stance,-0.161864,0.907542,-2.230864,-9.274,51.998,-127.819,5.56e-17
15,0.3,stance,-0.15687,0.910751,-2.239076,-8.988,52.182,-128.29,3.12e-17
16,0.32,stance,-0.151807,0.913905,-2.247226,-8.698,52.363,-128.757,1.39e-17
17,0.34,stance,-0.146673,0.917003,-2.255314,-8.404,52.54,-129.22,5.76e-17
18,0.36,stance,-0.141467,0.920044,-2.263339,-8.105,52.715,-129.68,3.12e-17
19,0.38,stance,-0.136187,0.923029,-2.271301,-7.803,52.886,-130.136,7.15e-17
20,0.4,stance,-0.130833,0.925957,-2.2792,-7.496,53.053,-130.589,4.18e-17
21,0.42,stance,-0.125403,0.928827,-2.287036,-7.185,53.218,-131.037,7.11e-17
22,0.44,stance,-0.119897,0.931639,-2.294806,-6.87,53.379,-131.483,1.73e-18
23,0.46,stance,-0.114312,0.934393,-2.302512,-6.55,53.537,-131.924,4.18e-17
24,0.48,stance,-0.108647,0.937087,-2.310153,-6.225,53.691,-132.362,1.40e-17
25,0.5,stance,-0.102901,0.939722,-2.317728,-5.896,53.842,-132.796,3.11e-17
26,0.52,stance,-0.097073,0.942297,-2.325237,-5.562,53.99,-133.226,3.94e-17
27,0.54,stance,-0.091161,0.944812,-2.332679,-5.223,54.134,-133.653,2.80e-17
28,0.56,stance,-0.085163,0.947266,-2.340054,-4.88,54.274,-134.075,1.97e-17
29,0.58,stance,-0.07908,0.949658,-2.34736,-4.531,54.411,-134.494,3.12e-17
30,0.6,stance,-0.072908,0.951989,-2.354598,-4.177,54.545,-134.909,1.40e-17
31,0.62,stance,-0.066646,0.954258,-2.361767,-3.819,54.675,-135.319,4.40e-17
32,0.64,stance,-0.060294,0.956463,-2.368866,-3.455,54.801,-135.726,2.78e-17
33,0.66,stance,-0.05385,0.958606,-2.375894,-3.085,54.924,-136.129,4.40e-17
34,0.68,stance,-0.047311,0.960685,-2.382851,-2.711,55.043,-136.527,4.39e-17
35,0.7,stance,-0.040677,0.9627,-2.389737,-2.331,55.159,-136.922,3.10e-17
36,0.72,stance,-0.033946,0.964651,-2.396549,-1.945,55.27,-137.312,4.17e-17
37,0.74,stance,-0.027117,0.966537,-2.403289,-1.554,55.378,-137.698,1.39e-17
38,0.76,stance,-0.020188,0.968358,-2.409955,-1.157,55.483,-138.08,4.39e-17
39,0.78,stance,-0.013158,0.970113,-2.416546,-0.754,55.583,-138.458,5.72e-17
40,0.8,stance,-0.006024,0.971803,-2.423061,-0.345,55.68,-138.831,5.55e-17
41,0.82,stance,0.001214,0.973427,-2.4295,0.07,55.773,-139.2,1.96e-17
42,0.84,stance,0.008558,0.974985,-2.435862,0.49,55.862,-139.565,1.39e-17
43,0.86,stance,0.016009,0.976476,-2.442147,0.917,55.948,-139.925,1.39e-17
44,0.88,stance,0.02357,0.9779,-2.448353,1.35,56.03,-140.28,3.10e-17
45,0.9,stance,0.031241,0.979258,-2.45448,1.79,56.107,-140.631,1.96e-17
46,0.92,stance,0.039025,0.980549,-2.460526,2.236,56.181,-140.978,1.39e-17
47,0.94,stance,0.046922,0.981773,-2.466492,2.688,56.251,-141.32,5.01e-17
48,0.96,stance,0.054935,0.98293,-2.472376,3.148,56.318,-141.657,1.96e-17
49,0.98,stance,0.063064,0.98402,-2.478178,3.613,56.38,-141.989,8.35e-17
50,1.0,stance,0.071311,0.985044,-2.483896,4.086,56.439,-142.317,2.78e-17
51,1.02,stance,0.079678,0.986001,-2.48953,4.565,56.494,-142.64,2.79e-17
52,1.04,stance,0.088166,0.986891,-2.495079,5.052,56.545,-142.958,1.96e-17
53,1.06,stance,0.096777,0.987716,-2.500543,5.545,56.592,-143.271,1.97e-17
54,1.08,stance,0.105511,0.988474,-2.50592,6.045,56.635,-143.579,4.22e-17
55,1.1,stance,0.11437,0.989168,-2.511211,6.553,56.675,-143.882,4.42e-17
56,1.12,stance,0.123356,0.989797,-2.516413,7.068,56.711,-144.18,1.39e-17
57,1.14,stance,0.132469,0.990361,-2.521526,7.59,56.744,-144.473,1.97e-17
58,1.16,stance,0.141711,0.990862,-2.52655,8.119,56.772,-144.761,3.12e-17
59,1.18,stance,0.151083,0.9913,-2.531484,8.656,56.797,-145.043,4.47e-17
60,1.2,stance,0.160587,0.991676,-2.536327,9.201,56.819,-145.321,3.15e-17
61,1.22,stance,0.170222,0.991992,-2.541078,9.753,56.837,-145.593,1.39e-17
62,1.24,stance,0.17999,0.992247,-2.545737,10.313,56.852,-145.86,5.65e-17
63,1.26,stance,0.189892,0.992443,-2.550303,10.88,56.863,-146.122,1.96e-17
64,1.28,stance,0.199929,0.992582,-2.554776,11.455,56.871,-146.378,1.96e-17
65,1.3,stance,0.210101,0.992664,-2.559155,12.038,56.875,-146.629,4.29e-17
66,1.32,stance,0.22041,0.992692,-2.563439,12.629,56.877,-146.874,5.82e-17
67,1.34,stance,0.230854,0.992666,-2.567628,13.227,56.876,-147.114,4.29e-17
68,1.36,stance,0.241436,0.992589,-2.571721,13.833,56.871,-147.349,7.38e-17
69,1.38,stance,0.252155,0.992461,-2.575718,14.447,56.864,-147.578,4.60e-17
